{"train_accuracies": [67.09822322680324, 72.83697176046465, 74.40631169351377, 75.3261709250093, 75.78681582787331, 76.41626849017196, 77.03284598437813, 76.96918543103202, 77.2345569511602, 77.9534205029899, 78.38044691139024, 78.2824525764642, 78.69874967812079, 79.23521501530715, 79.45266229864667, 79.1872907785185, 79.75952047151726, 79.75952047151726, 80.24663099768247, 80.7902492060313, 80.66435867357157, 81.3052559297302, 81.31956167205516, 81.90681239449515, 82.19650367657577, 82.49263254270264, 82.71151040027468, 83.19361391662613, 82.98618065291409, 83.92392206231581, 84.0004577837544, 84.50115876512832, 84.59986838717062, 85.03047123115219, 85.44748361992504, 85.75863351549312, 86.06477640124746, 86.4431632857429, 86.63629080712998, 86.92884323767561, 87.2829103602186, 87.58333094904295, 87.8601470630311, 88.13481731567052, 88.2764441646877, 88.42951560756488, 88.58973992160453, 88.84080569940774, 89.01962747846986, 89.10474664530342], "test_accuracies": [68.87731746395056, 74.48500801098649, 74.75108720531014, 74.63378347447929, 75.81254291599909, 76.71663996337834, 75.78965438315404, 71.8842984664683, 77.23735408560312, 76.61364156557565, 77.56065461203937, 77.92973220416572, 77.47196154726483, 78.08995193408103, 77.88395513847563, 78.33886472877089, 77.71801327534905, 78.11856260013734, 78.7050812542916, 78.4246967269398, 77.70084687571527, 78.98832684824903, 78.55058365758755, 78.89105058365759, 78.72796978713664, 79.14282444495308, 78.87960631723506, 78.647859922179, 79.14854657816434, 79.09990844586862, 78.61638818951705, 79.14282444495308, 79.33451590753033, 78.87102311741818, 78.9196612497139, 79.13424124513618, 78.70222018768597, 78.99691004806591, 79.09990844586862, 78.59349965667201, 78.30453192950331, 78.86816205081254, 78.63355458915083, 78.7050812542916, 78.82524605172809, 78.13286793316549, 78.62211032272832, 78.2930876630808, 78.3016708628977, 78.45330739299611]}