{"train_accuracies": [58.75940602557867, 66.65903693742668, 68.67686189236359, 69.86853022803353, 70.79697290492403, 71.5594689708449, 71.98220365654774, 72.7253869703299, 73.45569511601957, 74.02935538325083, 74.81474063689164, 75.469228348259, 76.03430517009528, 76.60224314039655, 77.03284598437813], "test_accuracies": [65.60425726710918, 67.77294575417716, 69.04325932707714, 70.43087663080796, 70.7341496910048, 70.95159075303273, 72.41931792172122, 72.98008697642481, 73.29480430304417, 74.14168001831082, 74.76539253833829, 74.69386587319752, 75.04005493247882, 76.0757610437171, 75.76104371709773]}