{"train_accuracies": [61.99178850390547, 67.83568424365541, 69.54951217418672, 70.45792681182226, 71.19109610597694, 71.7261308689308, 72.207519098166, 72.8877571457183, 73.33051987067608, 73.69245515149781, 74.17384338073303, 74.47569454378987, 74.84621327000659, 75.13447397785471, 75.24963520357072], "test_accuracies": [67.25509269855802, 68.85728999771115, 69.47241931792172, 70.49095902952621, 71.28347447928587, 71.7154955367361, 72.23907072556649, 72.49942778667888, 73.23758297093157, 73.50652323186084, 73.73254749370565, 74.07015335317006, 74.48500801098649, 74.47356374456398, 74.47928587777524]}