{"train_accuracies": [63.1169351377643, 67.61251466338588, 69.15038196332007, 70.22116677634402, 71.08237246430717, 72.05730880375383, 72.98145975794684, 74.16239878687306, 75.11015421590227, 76.19667534548368, 77.08649251809676, 77.92767016680496, 78.55140053217362, 79.04208749392006, 79.37255014162685], "test_accuracies": [67.59555962462807, 68.08766308079652, 69.70702677958343, 70.18482490272373, 71.68688487067979, 72.77695124742505, 73.50080109864957, 74.31048294804303, 74.82547493705654, 75.90409704737927, 76.55355916685741, 76.665140764477, 77.18299382009613, 77.66079194323643, 77.64362554360265]}