{"train_accuracies": [62.978884724328346, 67.78060713570427, 68.9737060456067, 70.2740980229464, 71.05876798947098, 71.78478441246317, 72.32625675946325, 72.92137564018196, 73.4678549969958, 74.15238476724558, 74.62733541243455, 75.03576435581242, 75.3969843495179, 75.72530113587594, 76.02715229893279], "test_accuracies": [67.40959029526208, 67.99897001602197, 69.74135957885099, 70.27637903410391, 71.10036621652552, 71.76127260242619, 72.41073472190432, 73.10883497367819, 73.48077363241016, 74.0358205539025, 74.61661707484551, 74.94277866788738, 74.89700160219729, 74.88269626916914, 75.50068665598535]}