{"train_accuracies": [60.11988212068324, 67.0195416440159, 69.02735257932534, 70.52158736516837, 71.16105404709451, 72.01081514119768, 72.44570970787674, 73.16958026952018, 74.22677462733542, 74.73748962833682, 75.65806414694859, 76.2796486509685, 76.8318503047123, 77.23956396097394, 77.56573488598323], "test_accuracies": [64.87182421606775, 67.1692607003891, 69.99027237354086, 70.41943236438544, 70.86861982146944, 72.47940032043945, 72.27340352483405, 73.5494392309453, 72.57953765163653, 74.39917601281758, 75.131609063859, 75.83543144884413, 75.36907759212635, 76.25886930647745, 76.57072556649119]}