{"train_accuracies": [67.8328230951904, 72.82052015679093, 74.56796658178592, 75.37481044891419, 76.3726359760808, 77.18234099167405, 77.52281765900833, 78.38974564390146, 79.01633715773511, 79.63291465194129, 80.30170810563361, 80.82887471030872, 81.40611141312122, 81.68507338845812, 82.02984177848988], "test_accuracies": [71.17475394827191, 74.13881895170519, 72.7826733806363, 75.81254291599909, 75.7495994506752, 76.66227969787137, 77.20302128633554, 77.54062714579996, 77.7695124742504, 78.06134126802472, 78.31883726253147, 78.4246967269398, 78.9024948500801, 78.77660791943237, 78.83096818493935]}