{"train_accuracies": [60.286544018769135, 66.35718577436984, 67.98088752825385, 69.98941375067952, 71.0222883465423, 71.82269462962434, 72.69677548567995, 73.2096363480301, 73.78901891219135, 74.49715315727732, 75.01144459385998, 75.62229979113616, 76.17736259334497, 76.61011129867529, 76.91339303596463], "test_accuracies": [61.48146028839551, 66.53124284733349, 68.68276493476768, 68.39665827420463, 71.60677500572213, 71.62966353856717, 72.68825818265049, 72.56523231860838, 73.9614328221561, 74.50217441062028, 74.69958800640879, 74.94277866788738, 75.12302586404212, 75.72098878461891, 75.84401464866102]}