{"train_accuracies": [62.38734227919087, 67.49306171497238, 68.95868501616549, 70.24405596406397, 70.98652399072988, 71.61526136591227, 72.04014191296386, 72.58590598266144, 73.2346713970988, 73.74467111098394, 74.15023890589683, 74.60802266029584, 75.08798031529857, 75.41701238877285, 75.6301679494149], "test_accuracies": [66.93751430533302, 68.10196841382468, 69.92732890821698, 70.73128862439917, 71.49805447470817, 71.89574273289082, 72.51373311970703, 72.13893339436942, 72.80842298008697, 73.09452964065004, 73.34058136873426, 74.29617761501488, 74.63378347447929, 74.95422293430991, 75.10013733119708]}