{"train_accuracies": [66.72452208731593, 73.76727589770086, 76.54514337380522, 78.02408938258849, 79.2907194523379, 80.06571299405839, 81.02718935675536, 81.69481400154999, 82.31723068974425, 82.9517566520279, 83.41917463187806, 83.69203694135882, 84.18528803926634, 84.54937354688711, 84.75038749677086], "test_accuracies": [71.73716499838554, 75.18243461414272, 77.62673555053277, 78.44688408136906, 79.22182757507265, 79.82563771391669, 80.48111075234098, 81.87278010978366, 81.74685179205683, 82.25379399418793, 82.57668711656441, 82.9189538262835, 83.15143687439458, 83.81336777526639, 83.66806587019697]}