{"train_accuracies": [71.94200464996125, 79.6830599328339, 81.12002712477396, 81.81267760268665, 82.40683931800568, 82.61754068716094, 83.02279772668561, 83.66458925342289, 84.250678119349, 84.49770731077241, 84.87390209248257, 85.04989020924826, 85.44465254456213, 85.7974360630328, 86.05980366830276, 86.35930638078015, 86.65073624386463, 87.02854559545337, 87.26830922242314, 87.72119607336606, 87.99244381296822, 88.47520020666495, 88.72545853784551, 89.12264272797727, 89.79107465771119, 90.1301343322139, 90.36989795918367, 90.83327951433738, 91.30715577370188, 91.58566907775769, 92.25087186773443, 92.6052699560837, 92.92979850167916, 93.40206019116508, 93.86624903125808, 94.16978816843194, 94.65012270731077, 94.9786876776027, 95.1627486437613, 95.56316197365022, 95.8852686644278, 96.2872965641953, 96.58599199173341, 96.73533970550245, 96.9581503487471, 97.2253616636528, 97.42314647377938, 97.53374451046241, 97.67421208989926, 97.8445492120899], "test_accuracies": [79.47368421052632, 77.34904746528899, 80.8847271553116, 82.32160154988699, 82.59283177268324, 82.7349047465289, 83.19664191152728, 83.14497901194704, 83.73910235711979, 83.71649983855343, 83.65837907652568, 82.71876009041007, 84.69809493057798, 83.94898288666451, 84.56247981917986, 84.22989990313206, 81.61446561188247, 85.25670003228932, 84.63351630610268, 84.87245721666129, 85.19535033903777, 85.37939941879237, 85.81207620277688, 85.36971262512108, 85.70552147239263, 85.95414917662254, 86.0122699386503, 85.7184371972877, 85.85405230868582, 86.05101711333549, 86.26089764288021, 85.93800452050371, 86.42234420406845, 86.4546335163061, 86.76138198256378, 86.7129480142073, 86.63545366483694, 86.74846625766871, 87.2005166289958, 87.15854052308686, 87.53955440749112, 87.85921859864385, 87.5976751695189, 87.61059089441395, 87.85921859864385, 87.80109783661608, 87.84953180497256, 88.01743622860833, 88.12721989021634, 88.47594446238296]}