{"train_accuracies": [66.67204856626195, 69.80673598553345, 72.01304572461896, 74.67547145440454, 76.51769568586928, 78.26546757943684, 79.10262206148282, 79.57165461121157, 80.37813226556446, 81.04979333505554, 81.71176698527512, 82.23408034099715, 82.58363471971067, 82.92269439421338, 83.30696202531645], "test_accuracies": [69.45753955440749, 70.71682273167582, 72.71230222796254, 76.06393283823054, 76.80981595092024, 78.81498224087827, 79.66096222150468, 79.98062641265741, 80.47142395866967, 80.50048433968357, 81.53051340006458, 82.06005812076202, 82.26348078785922, 82.37972231191476, 82.36357765579594]}