{"train_accuracies": [68.20911909067425, 76.08660552828727, 78.17262981141823, 79.27134461379488, 79.93089640919659, 80.81325884784293, 80.97713769051924, 81.88614053216223, 82.43993800051666, 82.80079436838027, 83.19717127357272, 83.4361276156032, 83.79052570395247, 84.15945492120899, 84.27812580728494], "test_accuracies": [74.50113012592831, 77.73651921214078, 79.01840490797547, 79.50920245398773, 80.45205037132709, 81.30771714562479, 80.86858249919277, 81.81465934775589, 82.07297384565709, 82.36034872457216, 82.9835324507588, 82.6703261220536, 83.18372618663223, 83.33225702292542, 83.50661930900871]}