{"train_accuracies": [74.0821170240248, 79.66691423404805, 80.95857013691553, 81.99512399896668, 82.76688840092999, 83.18425471454404, 83.7243283389305, 84.49205631619736, 85.07895246706278, 85.74011883234306, 86.49815939033842, 86.89857272022734, 87.45237018858177, 87.90848617928184, 88.29840480495996], "test_accuracies": [79.68356474007103, 80.78140135615111, 81.19793348401679, 82.32160154988699, 81.54020019373587, 82.6896997093962, 83.79722311914756, 83.81982563771392, 84.3558282208589, 84.16855020988054, 84.54310623183726, 83.99095899257345, 84.70455279302551, 84.88860187278011, 84.97901194704552]}