{"train_accuracies": [66.14892792560062, 73.63568845259623, 76.03009558253682, 78.23479075174373, 79.59748772926892, 80.61466675277705, 81.32669206923276, 82.23650219581504, 82.63368638594679, 83.27467062774477, 83.95924825626453, 84.57359209506588, 85.00548953758718, 85.48178765176957, 85.8491022991475], "test_accuracies": [72.70584436551502, 74.4107200516629, 76.80335808847272, 78.59541491766225, 79.39296092993219, 80.91378753632547, 81.56603164352599, 81.675815305134, 82.82208588957056, 83.19018404907976, 83.32579916047789, 82.84145947691314, 83.89409105586051, 84.3106231837262, 84.3461414271876]}