{"train_accuracies": [66.73098036683028, 75.15176956858693, 77.40005812451562, 78.63358951175407, 79.63946654611212, 80.41365280289331, 81.14020924825627, 81.60359080340997, 82.10410746577112, 82.75881555153707, 83.00503745802118, 83.38769051924567, 83.55156936192198, 83.8171661069491, 84.09406484112633], "test_accuracies": [73.26122053600258, 76.6031643525993, 77.92056829189538, 79.24765902486277, 79.99354213755247, 79.66096222150468, 81.04940264772361, 81.65644171779141, 81.80820148530836, 82.32160154988699, 82.50242169841782, 82.59283177268324, 82.88666451404585, 83.2224733613174, 83.2127865676461]}