{"train_accuracies": [64.48834280547662, 73.06332343063808, 75.73624386463446, 77.20873159390338, 78.55609015758202, 79.21644923792302, 79.76943942133815, 80.50971971066907, 81.12083440971325, 81.79168819426505, 82.1985598036683, 82.7975652286231, 83.31987858434513, 83.61534487212606, 83.93987341772151], "test_accuracies": [71.2980303519535, 74.84016790442364, 76.29318695511786, 77.53955440749112, 78.29512431385211, 79.19276719405876, 79.32192444300937, 79.8062641265741, 80.83952211817888, 81.27542783338716, 81.75653858572812, 81.97610590894413, 82.29577010009687, 82.77688085243784, 82.6057474975783]}