{"train_accuracies": [68.0274799793335, 74.34609919917334, 76.51285197623353, 77.86021053991217, 79.02592999225007, 79.94542753810384, 80.60094290880909, 81.15877680185999, 81.59793980883492, 82.10975846034616, 82.4576982691811, 82.80563807801602, 83.13823947300439, 83.37800309997417, 83.50636140532163], "test_accuracies": [73.11914756215693, 75.61511139812723, 76.29318695511786, 78.0852437843074, 79.56086535356796, 80.12592831772683, 80.70713593800453, 81.27865676461091, 81.41750080723281, 82.02131094607685, 82.12140781401357, 82.24087826929286, 82.70261543429125, 82.6703261220536, 82.76396512754279]}