{"train_accuracies": [81.112, 87.436, 88.04933333333334, 88.64266666666667, 89.19733333333333, 89.556, 89.996, 90.39466666666667, 90.868, 91.35333333333334, 91.83066666666667, 92.18933333333334, 92.56666666666666, 92.97066666666667, 93.272], "test_accuracies": [86.564, 87.792, 88.312, 88.632, 88.684, 88.928, 89.056, 89.28, 89.276, 89.424, 89.532, 89.424, 89.672, 89.468, 89.32]}