{"train_accuracies": [81.58266666666667, 87.79333333333334, 88.34666666666666, 88.94666666666667, 89.328, 89.69866666666667, 90.01466666666667, 90.26666666666667, 90.47066666666667, 90.588, 90.83333333333333, 91.04266666666666, 91.104, 91.54933333333334, 91.71866666666666, 92.01066666666667, 92.26666666666667, 92.44933333333333, 92.868, 93.06133333333334, 93.492, 93.68533333333333, 93.92, 94.416, 94.528, 94.83466666666666, 95.184, 95.41333333333333, 95.732, 96.04, 96.44533333333334, 96.672, 96.96533333333333, 97.3, 97.52933333333333, 97.796, 97.98266666666666, 98.132, 98.36933333333333, 98.648, 98.74133333333333, 98.90933333333334, 99.052, 99.172, 99.25866666666667, 99.29733333333333, 99.38533333333334, 99.46933333333334, 99.52533333333334, 99.57333333333334], "test_accuracies": [86.916, 87.764, 88.204, 87.972, 88.948, 89.384, 88.936, 89.356, 89.324, 89.284, 89.116, 89.252, 89.224, 88.924, 89.14, 88.98, 89.48, 89.152, 89.224, 89.06, 89.268, 89.012, 89.348, 88.512, 89.016, 88.88, 88.96, 89.112, 88.632, 88.464, 89.024, 88.968, 88.28, 88.772, 88.72, 88.476, 88.668, 88.664, 88.632, 88.484, 88.348, 88.888, 88.796, 88.556, 88.688, 88.444, 88.388, 88.452, 88.268, 88.688]}