{"train_accuracies": [75.972, 83.21333333333334, 84.76933333333334, 85.64666666666666, 86.62933333333334, 87.18666666666667, 87.648, 87.892, 88.488, 88.66666666666667, 89.06, 89.364, 89.56666666666666, 89.79466666666667, 89.90266666666666], "test_accuracies": [82.52, 84.712, 85.284, 85.716, 86.876, 87.328, 87.472, 88.008, 88.328, 88.748, 88.744, 88.776, 89.132, 89.2, 89.408]}