{"train_accuracies": [76.62666666666667, 83.5, 85.152, 86.64266666666667, 87.15866666666666, 87.82, 88.268, 88.312, 88.744, 88.996, 89.37733333333334, 89.42533333333333, 89.636, 89.74, 89.92], "test_accuracies": [82.704, 84.596, 85.616, 87.072, 87.02, 88.116, 87.356, 88.436, 87.796, 88.548, 88.916, 89.132, 89.0, 89.236, 89.136]}