{"train_accuracies": [76.25333333333333, 83.712, 85.0, 86.252, 86.95333333333333, 87.56, 87.97066666666667, 88.22533333333334, 88.71733333333333, 89.056, 89.4, 89.79333333333334, 89.98533333333333, 90.14266666666667, 90.408], "test_accuracies": [83.392, 84.752, 85.832, 87.068, 87.22, 87.748, 87.86, 88.532, 88.808, 88.912, 89.0, 89.264, 88.732, 89.432, 89.488]}