{"train_accuracies": [76.57866666666666, 82.83733333333333, 84.84533333333333, 86.004, 86.84, 87.132, 87.86, 88.048, 88.46, 88.63466666666666, 88.85466666666666, 88.98666666666666, 89.168, 89.25333333333333, 89.288], "test_accuracies": [82.824, 84.064, 85.856, 86.868, 84.52, 87.192, 87.852, 87.804, 87.756, 88.22, 88.388, 88.256, 88.648, 88.532, 88.452]}