{"train_accuracies": [75.944, 83.356, 85.08133333333333, 86.2, 86.76933333333334, 87.26533333333333, 87.884, 88.15866666666666, 88.35866666666666, 88.80266666666667, 89.16533333333334, 89.184, 89.60133333333333, 89.64, 89.84266666666667], "test_accuracies": [82.2, 84.352, 83.308, 86.4, 87.144, 87.448, 87.876, 88.12, 88.488, 88.808, 88.696, 88.816, 89.104, 89.212, 89.06]}