{"train_accuracies": [77.01333333333334, 82.60666666666667, 84.30933333333333, 85.63333333333334, 86.416, 87.032, 87.49866666666667, 87.72533333333334, 88.22666666666667, 88.39066666666666, 88.648, 88.904, 89.07733333333333, 89.25733333333334, 89.35066666666667], "test_accuracies": [82.488, 83.32, 85.592, 86.328, 86.988, 86.904, 87.512, 88.044, 88.056, 88.224, 88.344, 88.556, 88.584, 88.612, 88.76]}