{"train_accuracies": [80.82266666666666, 86.056, 86.61066666666666, 87.96533333333333, 88.28133333333334, 88.736, 89.15066666666667, 89.40133333333333, 89.80133333333333, 90.144, 90.35466666666666, 90.68266666666666, 91.07333333333334, 91.33333333333333, 91.44], "test_accuracies": [83.828, 80.84, 86.384, 86.628, 88.596, 88.812, 89.144, 89.0, 89.176, 89.44, 89.096, 89.804, 89.916, 89.732, 89.824]}