{"train_accuracies": [65.32169073549873, 70.12426234227318, 71.09341265652738, 71.22775032384973, 71.46763901549681, 71.4436501463321, 71.26133474068033, 71.8370676006333, 72.0913496137792, 72.30245166242864, 72.51355371107806, 72.67188024756513, 72.7150602120616, 72.56632922324042, 72.81581346255338], "test_accuracies": [69.27173287276914, 70.26482440990213, 71.0132412204951, 71.07081174438687, 70.65342544617155, 70.97006332757628, 70.19286125503741, 70.8693149107657, 71.41623488773747, 71.15716753022453, 71.74726540011514, 71.09959700633276, 72.1790443293034, 71.94876223373633, 71.87679907887161]}