{"train_accuracies": [64.62121575588927, 69.62529386364727, 70.7383773928897, 70.97826608453677, 71.25653696684738, 71.41006572950151, 71.48203233699563, 71.9522141726239, 71.87544979129684, 72.01458523245215, 72.00019191095332, 72.51355371107806, 72.52314925874394, 72.59991364007101, 72.51835148491101], "test_accuracies": [68.85434657455383, 70.17846862406448, 70.23603914795625, 70.55267702936096, 69.57397812320092, 71.20034542314335, 71.51698330454808, 71.05641911341394, 71.57455382843983, 71.12838226827864, 71.38744962579159, 71.31548647092688, 72.13586643638457, 71.8336211859528, 71.91997697179045]}