{"train_accuracies": [64.17022501559276, 72.4607781989157, 72.99812886820516, 73.95768363479345, 75.26267811735354, 75.17152041452766, 76.2846039437701, 75.69927553615122, 77.29213644868781, 77.95422923763374, 78.69308640790673, 80.07964304562682, 80.60260039341746, 81.3366597898575, 82.41615890226934, 82.33939452094228, 83.6012090390059, 84.9541812598954, 85.77939835916135, 86.64779542292376, 87.70810344000384, 88.68205152809097, 89.3105599002063, 90.05901261814518, 91.31123158854291, 91.76222232883941, 92.82253034591949, 93.89243391066545, 94.64088662860432, 95.0199107614067, 95.37974379887731, 96.05143213548914, 96.45444513745622, 96.95821138991508, 97.83620400134338, 97.73065297701866, 98.33997025380224, 98.57026339778344, 98.8677253754258, 99.16998512690112, 99.05004078107758, 99.28992947272465, 99.53461593820467, 99.62097586719761, 99.66415583169409, 99.72652689152234, 99.81288682051527, 99.83687568967999, 99.8608645588447, 99.88965120184234], "test_accuracies": [70.52389176741508, 72.1790443293034, 72.40932642487047, 70.53828439838803, 73.10017271157167, 73.30166954519287, 70.5958549222798, 73.11456534254462, 73.2440990213011, 69.73229706390327, 72.524467472654, 70.29360967184802, 71.07081174438687, 71.45941278065631, 70.95567069660333, 70.56706966033391, 71.58894645941278, 71.79044329303396, 70.84052964881981, 70.4951065054692, 69.6027633851468, 70.42314335060449, 70.58146229130685, 70.19286125503741, 70.19286125503741, 70.78295912492804, 70.048934945308, 69.17098445595855, 68.55210132412205, 69.31491076568797, 69.6027633851468, 69.40126655152562, 68.92630972941853, 67.83246977547496, 68.72481289579736, 67.94761082325849, 68.68163500287852, 68.73920552677029, 69.07023603914796, 68.04835924006909, 68.24985607369027, 67.90443293033967, 68.06275187104202, 68.7104202648244, 68.62406447898675, 68.30742659758204, 69.09902130109384, 68.52331606217616, 68.60967184801382, 68.69602763385147]}