{"train_accuracies": [63.08113035551504, 70.94947944153913, 71.44844792016504, 72.22088950726862, 72.6334980569016, 72.81581346255338, 73.76097490764285, 74.46144988725231, 75.52655567816534, 76.36136832509716, 77.93024036846903, 78.54915319291848, 79.85414767547857, 80.30034064194214, 81.16393993187161], "test_accuracies": [68.78238341968913, 70.52389176741508, 71.37305699481865, 72.40932642487047, 70.75417386298216, 73.28727691421992, 72.75474956822107, 72.72596430627519, 72.4237190558434, 72.27979274611398, 72.79792746113989, 72.59643062751871, 72.1790443293034, 72.27979274611398, 71.94876223373633]}