{"train_accuracies": [63.575301060308014, 68.59857026339779, 70.34975771242144, 70.57045530873674, 70.69519742839323, 71.30931247900973, 71.24214364534856, 71.32370580050856, 71.616370004318, 71.3860768603368, 71.8130787314686, 71.94741639879096, 72.26886724559805, 72.25447392409922, 72.4607781989157], "test_accuracies": [67.24237190558433, 69.07023603914796, 69.76108232584916, 70.25043177892918, 70.48071387449626, 70.43753598157743, 70.62464018422568, 70.4951065054692, 70.17846862406448, 71.30109383995395, 71.37305699481865, 71.74726540011514, 71.61773172135867, 71.66090961427749, 71.77605066206102]}