{"train_accuracies": [67.77815093796478, 70.67120855922852, 70.12906011610613, 70.62802859473204, 70.61363527323321, 70.21542004509908, 71.26133474068033, 71.54440339682387, 71.58278558748741, 72.0673607446145, 72.13932735210862, 72.42239600825216, 72.54713812790865, 72.76303795039102, 73.0604999280334], "test_accuracies": [69.51640759930915, 68.94070236039148, 70.48071387449626, 70.33678756476684, 69.28612550374208, 69.99136442141624, 71.2147380541163, 68.49453080023028, 71.48819804260219, 71.76165803108809, 71.84801381692573, 71.67530224525044, 71.61773172135867, 72.29418537708693, 71.89119170984456]}