{"train_accuracies": [64.36693374274337, 70.21062227126613, 70.95427721537207, 71.32850357434151, 71.17497481168738, 71.00705272753443, 71.64515664731564, 71.67394329031329, 71.91862975579332, 72.24008060260039, 72.24487837643333, 72.1825073166051, 72.34083385309216, 72.71985798589455, 72.82061123638631], "test_accuracies": [68.66724237190559, 70.17846862406448, 70.07772020725389, 69.71790443293034, 70.40875071963156, 70.63903281519862, 70.76856649395509, 71.38744962579159, 71.27230857800807, 71.38744962579159, 71.47380541162924, 71.47380541162924, 71.45941278065631, 71.70408750719632, 71.79044329303396]}