{"train_accuracies": [64.47248476706808, 69.81240704313198, 70.34495993858849, 70.32097106942379, 70.81034400038382, 70.9110972508756, 71.01664827520031, 70.94947944153913, 71.2133570023509, 71.76030321930624, 71.66434774264741, 71.60677445665212, 72.0433718754498, 71.8130787314686, 72.12973180444274], "test_accuracies": [68.89752446747265, 69.89061600460565, 69.09902130109384, 69.74668969487622, 70.20725388601036, 69.67472654001152, 70.71099597006332, 70.88370754173863, 70.37996545768567, 70.73978123200921, 71.286701208981, 70.62464018422568, 71.07081174438687, 71.11398963730569, 71.31548647092688]}