{"train_accuracies": [63.87276303795039, 69.47176510099314, 70.41692654608262, 70.89190615554382, 71.11260375185914, 71.25173919301444, 71.30931247900973, 71.19416590701914, 71.54920117065681, 71.85625869596507, 71.97620304178861, 72.24008060260039, 72.33123830542628, 72.43199155591806, 72.60471141390394], "test_accuracies": [67.86125503742085, 68.6384571099597, 70.26482440990213, 69.37248128957974, 70.52389176741508, 70.35118019573979, 70.9412780656304, 69.57397812320092, 70.88370754173863, 71.25791594703512, 71.14277489925158, 70.84052964881981, 71.60333909038572, 71.40184225676454, 71.44502014968336]}